REGION,TYPE OF POLICING,POLICING JURISDICTION,2004,2005,2006,2007,2008,2009,2010,2011,2012,2013,2014
Fraser Valley,Independent Municipal PD,Abbotsford Mun," 128,221 "," 128,712 "," 129,407 "," 130,938 "," 132,890 "," 135,063 "," 136,866 "," 137,033 "," 137,431 "," 138,287 "," 138,586 "
Fraser Valley,RCMP Provincial,Agassiz Prov," 9,065 "," 9,271 "," 9,317 "," 9,352 "," 9,530 "," 3,902 "," 3,847 "," 3,833 "," 3,810 "," 3,864 "," 3,847 "
Mount Waddington,RCMP Provincial,Alert Bay Prov," 1,518 "," 1,494 "," 1,447 "," 1,425 "," 1,425 "," 1,398 "," 1,379 "," 1,370 "," 1,361 "," 1,363 "," 1,363 "
Cariboo,RCMP Provincial,Alexis Creek Prov," 1,789 "," 1,766 "," 1,743 "," 1,723 "," 1,738 "," 1,733 "," 1,723 "," 1,713 "," 1,714 "," 1,722 "," 1,729 "
Cariboo,RCMP Provincial,Anahim Lake Prov, 740 , 730 , 721 , 712 , 719 , 716 , 712 , 708 , 709 , 712 , 715 
North Okanagan,RCMP Provincial,Armstrong Prov," 10,022 "," 9,964 "," 9,833 "," 9,920 "," 10,154 "," 10,417 "," 10,479 "," 10,495 "," 5,480 "," 5,472 "," 5,400 "
Thompson Nicola,RCMP Provincial,Ashcroft Prov," 4,085 "," 3,825 "," 3,778 "," 3,813 "," 3,847 "," 3,830 "," 3,776 "," 3,752 "," 3,712 "," 3,699 "," 3,722 "
Kitimat Stikine,RCMP Provincial,Atlin Prov, 774 , 757 , 717 , 738 , 440 , 427 , 414 , 406 , 427 , 442 , 433 
Thompson Nicola,RCMP Provincial,Barriere Prov," 2,441 "," 3,771 "," 3,810 "," 3,816 "," 3,897 "," 3,947 "," 3,888 "," 3,878 "," 3,906 "," 3,904 "," 3,955 "
Central Coast,RCMP Provincial,Bella Bella Prov," 1,718 "," 1,685 "," 1,617 "," 1,596 "," 1,585 "," 1,588 "," 1,609 "," 1,639 "," 1,670 "," 1,656 "," 1,658 "
Central Coast,RCMP Provincial,Bella Coola Prov," 2,064 "," 2,019 "," 1,923 "," 1,900 "," 1,875 "," 1,880 "," 1,916 "," 1,962 "," 1,982 "," 1,954 "," 1,940 "
Fraser Valley,RCMP Provincial,Boston Bar Prov, 623 , 646 , 654 , 650 , 657 , 643 , 635 , 637 , 630 , 635 , 632 
Kootenay Boundary,RCMP Provincial,Boundary/Grand Forks Prov," 8,851 "," 8,903 "," 8,856 "," 8,914 "," 9,036 "," 8,969 "," 8,725 "," 8,629 "," 8,508 "," 8,347 "," 8,214 "
Kootenay Boundary,RCMP Provincial,Boundary/Midway Prov," 2,829 "," 2,835 "," 2,818 "," 2,852 "," 2,917 "," 2,910 "," 2,895 "," 2,893 "," 2,841 "," 2,770 "," 2,728 "
Metro Vancouver,RCMP Provincial,Bowen Island Prov," 3,332 "," 3,391 "," 3,460 "," 3,457 "," 3,454 "," 3,423 "," 3,427 "," 3,405 "," 3,453 "," 3,468 "," 3,479 "
Metro Vancouver,RCMP Municipal,Burnaby Mun," 206,524 "," 208,482 "," 210,400 "," 214,617 "," 218,157 "," 223,008 "," 227,469 "," 229,228 "," 232,345 "," 233,833 "," 233,734 "
Bulkley Nechako,RCMP Provincial,Burns Lake Prov," 6,368 "," 6,356 "," 6,301 "," 6,236 "," 6,245 "," 6,202 "," 6,221 "," 6,234 "," 6,264 "," 6,290 "," 6,378 "
Strathcona,RCMP Municipal,Campbell River Mun," 29,156 "," 29,533 "," 30,064 "," 30,368 "," 30,861 "," 31,163 "," 31,312 "," 31,736 "," 31,907 "," 32,199 "," 32,720 "
Strathcona,RCMP Provincial,Campbell River Prov," 5,318 "," 5,362 "," 5,419 "," 5,361 "," 5,388 "," 5,399 "," 5,328 "," 5,300 "," 5,276 "," 5,245 "," 5,304 "
Central Kootenay,RCMP Municipal,Castlegar Mun," 7,397 "," 7,372 "," 7,368 "," 7,497 "," 7,608 "," 7,851 "," 7,840 "," 7,941 "," 7,972 "," 7,891 "," 7,864 "
Central Kootenay,RCMP Provincial,Castlegar Prov," 5,947 "," 5,949 "," 5,922 "," 5,938 "," 5,972 "," 5,944 "," 5,968 "," 5,984 "," 5,992 "," 6,002 "," 6,069 "
Capital,Independent Municipal PD,Central Saanich Mun," 16,021 "," 16,182 "," 15,982 "," 15,984 "," 16,096 "," 16,085 "," 16,063 "," 16,022 "," 15,937 "," 15,814 "," 15,794 "
Thompson Nicola,RCMP Provincial,Chase Prov," 8,528 "," 8,159 "," 8,293 "," 8,260 "," 8,444 "," 8,469 "," 8,319 "," 8,263 "," 8,286 "," 8,281 "," 8,337 "
Peace River,RCMP Provincial,Chetwynd Prov," 5,419 "," 5,371 "," 5,401 "," 5,321 "," 5,299 "," 5,350 "," 5,373 "," 5,424 "," 5,502 "," 5,550 "," 5,619 "
Fraser Valley,RCMP Municipal,Chilliwack Mun," 71,122 "," 72,363 "," 74,424 "," 76,553 "," 78,360 "," 79,703 "," 81,573 "," 82,941 "," 83,456 "," 84,686 "," 85,985 "
Fraser Valley,RCMP Provincial,Chilliwack Prov," 4,756 "," 4,932 "," 4,993 "," 4,962 "," 5,013 "," 4,910 "," 4,848 "," 4,867 "," 4,807 "," 4,848 "," 4,829 "
Thompson Nicola,RCMP Provincial,Clearwater Prov," 2,254 "," 4,224 "," 4,268 "," 4,275 "," 4,365 "," 4,384 "," 4,320 "," 4,280 "," 4,317 "," 4,324 "," 4,367 "
Thompson Nicola,RCMP Provincial,Clinton Prov," 1,938 "," 1,694 "," 1,764 "," 1,764 "," 1,818 "," 1,843 "," 1,819 "," 1,829 "," 1,835 "," 1,841 "," 1,848 "
North Okanagan,RCMP Municipal,Coldstream Mun," 9,443 "," 9,527 "," 9,672 "," 9,907 "," 10,165 "," 10,422 "," 10,318 "," 10,415 "," 10,324 "," 10,320 "," 10,551 "
East Kootenay,RCMP Provincial,Columbia Valley Prov," 8,801 "," 8,902 "," 9,161 "," 9,251 "," 9,467 "," 9,505 "," 9,211 "," 8,987 "," 8,993 "," 8,991 "," 9,041 "
Capital,RCMP Municipal,Colwood Mun," 14,761 "," 14,970 "," 15,259 "," 15,532 "," 15,854 "," 16,061 "," 16,402 "," 16,515 "," 16,628 "," 16,624 "," 16,636 "
Comox Valley,RCMP Municipal,Comox Mun," 11,903 "," 12,255 "," 12,275 "," 12,752 "," 13,327 "," 13,553 "," 13,763 "," 13,785 "," 13,678 "," 13,731 "," 13,862 "
Comox Valley,RCMP Provincial,Comox Valley Prov," 25,089 "," 25,329 "," 25,552 "," 25,490 "," 25,791 "," 26,083 "," 25,974 "," 26,042 "," 26,069 "," 26,041 "," 25,969 "
Metro Vancouver,RCMP Municipal,Coquitlam Mun," 120,120 "," 119,952 "," 119,651 "," 120,802 "," 122,673 "," 125,052 "," 128,844 "," 130,477 "," 133,577 "," 137,866 "," 141,179 "
Metro Vancouver,RCMP Provincial,Coquitlam Prov," 2,372 "," 2,504 "," 2,581 "," 2,677 "," 2,748 "," 2,753 "," 2,770 "," 2,804 "," 2,866 "," 2,864 "," 2,909 "
Comox Valley,RCMP Municipal,Courtenay Mun," 20,960 "," 21,667 "," 22,461 "," 23,250 "," 23,745 "," 23,890 "," 24,108 "," 24,596 "," 24,752 "," 24,653 "," 24,806 "
East Kootenay,RCMP Municipal,Cranbrook Mun," 18,438 "," 18,336 "," 18,471 "," 18,682 "," 19,140 "," 19,496 "," 19,540 "," 19,737 "," 19,857 "," 19,707 "," 19,785 "
East Kootenay,RCMP Provincial,Cranbrook Prov," 6,733 "," 6,764 "," 6,795 "," 6,728 "," 6,770 "," 6,725 "," 6,655 "," 6,529 "," 6,552 "," 6,592 "," 6,592 "
Central Kootenay,RCMP Municipal,Creston Mun, .. , - , - , - , - , - , - , - ," 5,316 "," 5,089 "," 5,030 "
Central Kootenay,RCMP Provincial,Creston Prov," 12,712 "," 12,714 "," 12,747 "," 12,946 "," 13,211 "," 13,257 "," 13,329 "," 13,402 "," 8,112 "," 8,181 "," 8,319 "
Peace River,RCMP Municipal,Dawson Creek Mun," 10,814 "," 10,866 "," 11,085 "," 11,162 "," 11,172 "," 11,158 "," 11,367 "," 11,785 "," 12,019 "," 12,289 "," 12,653 "
Peace River,RCMP Provincial,Dawson Creek Prov," 7,089 "," 6,963 "," 6,879 "," 6,885 "," 6,827 "," 6,864 "," 6,883 "," 6,872 "," 6,946 "," 7,081 "," 7,192 "
Kitimat Stikine,RCMP Provincial,Dease Lake Prov," 1,492 "," 1,472 "," 1,437 "," 1,431 "," 1,281 "," 1,273 "," 1,254 "," 1,246 "," 1,314 "," 1,337 "," 1,368 "
Metro Vancouver,Independent Municipal PD,Delta Mun," 100,584 "," 100,367 "," 100,104 "," 100,201 "," 100,703 "," 101,480 "," 101,846 "," 102,093 "," 102,359 "," 102,154 "," 101,876 "
Cowichan Valley,RCMP Provincial,Duncan Prov," 13,757 "," 13,946 "," 14,239 "," 14,280 "," 14,448 "," 14,510 "," 14,628 "," 14,632 "," 14,597 "," 14,501 "," 14,538 "
East Kootenay,RCMP Provincial,Elk Valley Prov," 13,749 "," 13,565 "," 13,466 "," 13,418 "," 13,583 "," 13,651 "," 13,625 "," 13,805 "," 13,852 "," 13,902 "," 13,988 "
North Okanagan,RCMP Provincial,Enderby Prov," 6,636 "," 6,708 "," 6,810 "," 6,859 "," 6,931 "," 6,964 "," 6,955 "," 6,920 "," 6,864 "," 6,902 "," 6,905 "
Columbia Shuswap,RCMP Provincial,Falkland Prov," 2,867 "," 2,828 "," 2,895 "," 2,894 "," 2,956 "," 2,945 "," 2,875 "," 2,828 "," 2,853 "," 2,861 "," 2,910 "
Bulkley Nechako,RCMP Provincial,Fort St James Prov," 4,336 "," 4,198 "," 4,000 "," 4,035 "," 4,115 "," 4,171 "," 4,222 "," 4,377 "," 4,433 "," 4,504 "," 4,593 "
Peace River,RCMP Municipal,Fort St John Mun," 16,974 "," 17,417 "," 17,924 "," 18,105 "," 18,227 "," 18,637 "," 18,749 "," 19,375 "," 20,026 "," 20,553 "," 21,523 "
Peace River,RCMP Provincial,Fort St John Prov," 14,218 "," 14,034 "," 13,921 "," 13,937 "," 13,905 "," 13,975 "," 13,944 "," 13,925 "," 14,132 "," 14,450 "," 14,682 "
Bulkley Nechako,RCMP Provincial,Fraser Lake Prov," 3,449 "," 3,391 "," 3,293 "," 3,269 "," 3,273 "," 3,279 "," 3,321 "," 3,355 "," 3,374 "," 3,385 "," 3,458 "
Nanaimo,RCMP Provincial,Gabriola Island Prov," 3,798 "," 3,811 "," 3,919 "," 3,965 "," 4,056 "," 4,075 "," 4,103 "," 4,079 "," 4,116 "," 4,120 "," 4,156 "
Columbia Shuswap,RCMP Provincial,Golden Prov," 7,015 "," 6,991 "," 7,071 "," 7,018 "," 7,100 "," 7,082 "," 6,936 "," 6,881 "," 6,902 "," 6,879 "," 6,985 "
Fraser Valley,RCMP Provincial,Hope  Mum," 6,231 "," 6,198 "," 6,242 "," 6,114 "," 6,110 "," 6,141 "," 6,141 "," 5,982 "," 5,867 "," 5,776 "," 5,701 "
Fraser Valley,RCMP Municipal,Hope Prov," 1,130 "," 1,172 "," 1,187 "," 1,179 "," 1,191 "," 1,167 "," 1,152 "," 1,157 "," 1,142 "," 1,152 "," 1,148 "
Bulkley Nechako,RCMP Provincial,Houston/Granisle Prov," 4,908 "," 4,666 "," 4,614 "," 4,481 "," 4,461 "," 4,433 "," 4,492 "," 4,571 "," 4,540 "," 4,537 "," 4,554 "
Peace River,RCMP Provincial,Hudson's Hope Prov," 1,285 "," 1,258 "," 1,238 "," 1,214 "," 1,218 "," 1,224 "," 1,211 "," 1,197 "," 1,214 "," 1,271 "," 1,273 "
Thompson Nicola,RCMP Municipal,Kamloops Mun," 81,408 "," 81,894 "," 83,097 "," 84,341 "," 86,149 "," 87,089 "," 87,071 "," 87,852 "," 87,759 "," 88,394 "," 89,417 "
Central Kootenay,RCMP Provincial,Kaslo Prov," 2,347 "," 2,357 "," 2,370 "," 2,436 "," 2,415 "," 2,394 "," 2,370 "," 2,350 "," 2,360 "," 2,352 "," 2,372 "
Central Okanagan,RCMP Municipal,Kelowna Mun," 104,270 "," 107,332 "," 110,030 "," 114,166 "," 117,722 "," 119,570 "," 119,462 "," 119,826 "," 120,303 "," 120,202 "," 121,422 "
Central Okanagan,RCMP Provincial,Kelowna Prov," 42,274 "," 42,821 "," 44,072 "," 44,946 "," 48,501 "," 23,071 "," 23,250 "," 19,034 "," 14,663 "," 15,141 "," 15,761 "
Fraser Valley,RCMP Municipal,Kent Mun, .. , - , - , - , - ," 5,659 "," 5,763 "," 5,792 "," 5,823 "," 5,855 "," 5,890 "
Okanagan Similkameen,RCMP Provincial,Keremeos Prov," 4,608 "," 4,744 "," 4,771 "," 4,767 "," 4,878 "," 4,880 "," 4,761 "," 4,695 "," 4,680 "," 4,659 "," 4,710 "
East Kootenay,RCMP Municipal,Kimberley Mun," 6,254 "," 6,212 "," 6,182 "," 6,317 "," 6,514 "," 6,702 "," 6,635 "," 6,721 "," 6,617 "," 6,532 "," 6,735 "
East Kootenay,RCMP Provincial,Kimberley Prov," 1,960 "," 1,969 "," 1,978 "," 1,958 "," 1,971 "," 1,958 "," 1,937 "," 1,900 "," 1,907 "," 1,919 "," 1,919 "
Kitimat Stikine,RCMP Municipal,Kitimat Mun," 10,047 "," 9,631 "," 9,327 "," 8,976 "," 8,948 "," 8,891 "," 8,718 "," 8,538 "," 8,329 "," 8,367 "," 8,452 "
Kitimat Stikine,RCMP Provincial,Kitimat Prov, 507 , 535 , 529 , 520 , 530 , 530 , 524 , 523 , 551 , 559 , 578 
Cowichan Valley,RCMP Municipal,Ladysmith Mun," 7,154 "," 7,382 "," 7,632 "," 7,822 "," 7,916 "," 7,907 "," 7,948 "," 7,992 "," 8,089 "," 8,173 "," 8,273 "
Cowichan Valley,RCMP Provincial,Ladysmith Prov," 5,358 "," 5,445 "," 5,514 "," 5,570 "," 5,656 "," 5,677 "," 5,759 "," 5,794 "," 5,778 "," 5,809 "," 5,853 "
Central Okanagan,RCMP Municipal,Lake Country Mun," 9,487 "," 9,613 "," 9,776 "," 10,232 "," 11,036 "," 11,469 "," 11,574 "," 11,885 "," 12,174 "," 12,330 "," 13,015 "
Cowichan Valley,RCMP Provincial,Lake Cowichan Prov," 5,602 "," 5,679 "," 5,796 "," 5,785 "," 5,863 "," 6,004 "," 6,015 "," 5,973 "," 6,023 "," 6,049 "," 6,112 "
Capital,RCMP Municipal,Langford Mun," 21,776 "," 22,681 "," 23,542 "," 24,787 "," 26,173 "," 27,450 "," 29,277 "," 30,430 "," 31,651 "," 33,390 "," 34,677 "
Metro Vancouver,RCMP Municipal,Langley City Mun," 24,604 "," 25,050 "," 24,851 "," 25,118 "," 25,295 "," 25,430 "," 25,689 "," 25,845 "," 26,503 "," 26,584 "," 26,652 "
Metro Vancouver,RCMP Municipal,Langley Township Mun," 93,572 "," 95,292 "," 97,293 "," 99,637 "," 102,179 "," 104,298 "," 105,783 "," 106,814 "," 109,182 "," 112,239 "," 115,348 "
Squamish Lillooet,RCMP Provincial,Lillooet Prov," 3,406 "," 3,280 "," 3,269 "," 3,214 "," 3,258 "," 3,247 "," 3,227 "," 3,241 "," 3,301 "," 3,298 "," 3,284 "
Kitimat Stikine,RCMP Provincial,Lisims/Nass Valley Prov," 2,000 "," 1,982 "," 1,959 "," 1,925 "," 1,963 "," 1,963 "," 1,940 "," 1,935 "," 2,040 "," 2,068 "," 2,137 "
Thompson Nicola,RCMP Provincial,Logan Lake Prov," 2,811 "," 2,699 "," 2,685 "," 2,651 "," 2,636 "," 2,609 "," 2,581 "," 2,569 "," 2,558 "," 2,578 "," 2,575 "
North Okanagan,RCMP Provincial,Lumby Prov," 5,630 "," 5,705 "," 5,798 "," 5,845 "," 5,915 "," 5,953 "," 5,911 "," 5,873 "," 5,905 "," 5,906 "," 5,963 "
Thompson Nicola,RCMP Provincial,Lytton Prov," 2,217 "," 1,906 "," 1,902 "," 1,900 "," 1,931 "," 1,961 "," 1,910 "," 1,907 "," 1,921 "," 1,930 "," 1,968 "
Fraser Fort George,RCMP Provincial,Mackenzie Prov," 5,063 "," 4,894 "," 4,743 "," 4,611 "," 4,288 "," 3,821 "," 3,652 "," 3,664 "," 3,659 "," 3,632 "," 3,658 "
Metro Vancouver,RCMP Municipal,Maple Ridge Mun," 68,753 "," 70,467 "," 71,645 "," 72,777 "," 74,346 "," 75,612 "," 76,997 "," 77,961 "," 78,831 "," 79,272 "," 80,714 "
Skeena Queen Charlotte,RCMP Provincial,Masset Prov," 2,536 "," 2,527 "," 2,275 "," 2,229 "," 2,175 "," 2,112 "," 2,058 "," 2,062 "," 2,032 "," 2,019 "," 2,038 "
Fraser Fort George,RCMP Provincial,McBride Prov," 1,831 "," 1,812 "," 1,773 "," 1,747 "," 1,747 "," 1,713 "," 1,681 "," 1,678 "," 1,671 "," 1,665 "," 1,673 "
Thompson Nicola,RCMP Municipal,Merritt Mun," 7,318 "," 7,325 "," 7,326 "," 7,380 "," 7,431 "," 7,428 "," 7,244 "," 7,195 "," 7,237 "," 7,331 "," 7,461 "
Thompson Nicola,RCMP Provincial,Merritt Prov," 4,452 "," 3,776 "," 3,814 "," 3,820 "," 3,900 "," 3,965 "," 3,846 "," 3,843 "," 3,869 "," 3,884 "," 3,949 "
Fraser Valley,RCMP Municipal,Mission Mun," 34,209 "," 35,013 "," 35,731 "," 36,252 "," 36,711 "," 37,160 "," 37,506 "," 37,101 "," 37,319 "," 37,332 "," 37,539 "
Fraser Valley,RCMP Provincial,Mission Prov," 4,150 "," 4,304 "," 4,357 "," 4,329 "," 4,374 "," 4,284 "," 4,230 "," 4,246 "," 4,194 "," 4,230 "," 4,213 "
Central Kootenay,RCMP Provincial,Nakusp Prov," 3,405 "," 3,354 "," 3,333 "," 3,331 "," 3,360 "," 3,369 "," 3,392 "," 3,412 "," 3,408 "," 3,407 "," 3,423 "
Nanaimo,RCMP Municipal,Nanaimo Mun," 78,147 "," 79,445 "," 81,152 "," 81,419 "," 82,348 "," 83,560 "," 84,366 "," 86,164 "," 86,683 "," 87,904 "," 89,254 "
Nanaimo,RCMP Provincial,Nanaimo Prov," 13,306 "," 13,370 "," 13,608 "," 13,755 "," 14,004 "," 14,001 "," 14,053 "," 13,955 "," 14,083 "," 13,940 "," 14,022 "
Central Kootenay,Independent Municipal PD,Nelson Mun," 9,305 "," 9,235 "," 9,301 "," 9,565 "," 9,987 "," 10,233 "," 10,171 "," 10,371 "," 10,335 "," 10,380 "," 10,532 "
Central Kootenay,RCMP Provincial,Nelson Prov," 11,770 "," 11,763 "," 11,709 "," 11,746 "," 11,814 "," 11,769 "," 11,864 "," 11,931 "," 11,994 "," 12,096 "," 12,299 "
Kitimat Stikine,RCMP Provincial,New Hazelton Prov," 5,699 "," 5,610 "," 5,528 "," 5,437 "," 5,536 "," 5,543 "," 5,493 "," 5,512 "," 5,734 "," 5,783 "," 5,955 "
Metro Vancouver,Independent Municipal PD,New Westminster Mun," 59,623 "," 59,817 "," 60,496 "," 61,642 "," 63,603 "," 64,930 "," 66,722 "," 67,545 "," 68,342 "," 68,956 "," 69,860 "
Strathcona,RCMP Provincial,Nootka Sound Prov," 2,212 "," 2,089 "," 2,091 "," 2,072 "," 2,079 "," 2,046 "," 1,990 "," 1,931 "," 1,909 "," 1,902 "," 1,908 "
Cowichan Valley,RCMP Municipal,North Cowichan Mun," 27,612 "," 27,867 "," 28,384 "," 28,615 "," 28,888 "," 29,003 "," 29,137 "," 29,401 "," 29,318 "," 29,392 "," 29,760 "
Capital,RCMP Municipal,North Saanich Mun," 10,808 "," 10,931 "," 10,920 "," 10,863 "," 11,027 "," 11,013 "," 11,084 "," 11,109 "," 11,007 "," 11,007 "," 10,941 "
Metro Vancouver,RCMP Municipal,North Vancouver City Mun," 45,503 "," 46,153 "," 46,855 "," 46,942 "," 47,124 "," 47,977 "," 49,443 "," 49,396 "," 50,130 "," 50,845 "," 52,346 "
Metro Vancouver,RCMP Municipal,North Vancouver District Mun," 85,802 "," 85,424 "," 85,427 "," 85,416 "," 85,034 "," 85,253 "," 86,270 "," 86,063 "," 86,594 "," 86,587 "," 86,623 "
Metro Vancouver,RCMP Provincial,North Vancouver Prov," 1,908 "," 1,988 "," 2,088 "," 2,095 "," 2,066 "," 2,055 "," 2,237 "," 2,335 "," 2,472 "," 2,592 "," 2,823 "
Northern Rockies,RCMP Municipal,Northern Rockies Mun, .. , - , - , - , - , - , - , - , - ," 5,460 "," 5,440 "
Northern Rockies,RCMP Provincial,Northern Rockies Prov," 6,251 "," 6,328 "," 6,289 "," 6,053 "," 5,915 "," 5,789 "," 5,913 "," 6,059 "," 6,099 ", 598 , 598 
Capital,Independent Municipal PD,Oak Bay Mun," 18,137 "," 18,148 "," 17,996 "," 17,966 "," 18,068 "," 18,039 "," 18,019 "," 18,037 "," 17,787 "," 17,618 "," 17,448 "
Nanaimo,RCMP Provincial,Oceanside Prov ," 22,718 "," 22,792 "," 23,428 "," 23,698 "," 24,239 "," 24,355 "," 24,515 "," 24,377 "," 24,594 "," 24,620 "," 24,830 "
Cariboo,RCMP Provincial,One Hundred Mile House Prov," 13,336 "," 13,211 "," 13,088 "," 12,957 "," 13,053 "," 13,013 "," 12,950 "," 12,902 "," 12,886 "," 12,933 "," 12,981 "
Capital,RCMP Provincial,Outer Gulf  Islands Prov," 4,500 "," 4,592 "," 4,636 "," 4,613 "," 4,698 "," 4,723 "," 4,736 "," 4,771 "," 4,781 "," 4,784 "," 4,829 "
Nanaimo,RCMP Municipal,Parksville Mun," 10,534 "," 10,828 "," 11,064 "," 11,386 "," 11,765 "," 12,026 "," 12,136 "," 12,002 "," 12,028 "," 12,153 "," 12,227 "
Central Okanagan,RCMP Municipal,Peachland Mun, .. , - , - , - , - , - , - , - ," 5,118 "," 5,102 "," 5,094 "
Squamish Lillooet,RCMP Provincial,Pemberton Prov," 3,818 "," 4,094 "," 4,161 "," 4,161 "," 4,155 "," 4,255 "," 4,273 "," 4,294 "," 4,414 "," 4,477 "," 4,455 "
Okanagan Similkameen,RCMP Municipal,Penticton Mun," 31,345 "," 31,157 "," 32,487 "," 32,860 "," 33,001 "," 33,339 "," 33,145 "," 33,553 "," 33,881 "," 33,620 "," 34,233 "
Okanagan Similkameen,RCMP Provincial,Penticton Prov," 11,480 "," 11,840 "," 11,772 "," 11,778 "," 11,821 "," 11,790 "," 11,517 "," 11,376 "," 11,276 "," 11,255 "," 11,389 "
Metro Vancouver,RCMP Municipal,Pitt Meadows Mun," 15,478 "," 15,812 "," 16,302 "," 16,557 "," 17,387 "," 17,875 "," 18,054 "," 18,224 "," 18,457 "," 18,640 "," 18,673 "
Alberni Clayoquot,RCMP Municipal,Port Alberni Mun," 17,584 "," 17,567 "," 17,600 "," 17,610 "," 17,655 "," 17,722 "," 17,693 "," 17,934 "," 17,427 "," 16,897 "," 16,683 "
Alberni Clayoquot,RCMP Provincial,Port Alberni Prov," 8,030 "," 8,132 "," 8,261 "," 8,165 "," 8,241 "," 8,224 "," 8,173 "," 8,080 "," 8,209 "," 8,294 "," 8,472 "
Mount Waddington,RCMP Provincial,Port Alice Prov," 1,047 ", 912 , 860 , 868 , 863 , 859 , 852 , 851 , 844 , 841 , 829 
Metro Vancouver,RCMP Municipal,Port Coquitlam Mun," 54,893 "," 54,705 "," 54,586 "," 54,901 "," 55,441 "," 56,339 "," 57,199 "," 57,267 "," 58,467 "," 58,918 "," 59,819 "
Mount Waddington,RCMP Provincial,Port Hardy Prov," 5,815 "," 5,485 "," 5,330 "," 5,303 "," 5,349 "," 5,433 "," 5,408 "," 5,396 "," 5,349 "," 5,311 "," 5,266 "
Mount Waddington,RCMP Provincial,Port McNeill Prov," 4,866 "," 4,832 "," 4,774 "," 4,686 "," 4,595 "," 4,553 "," 4,521 "," 4,493 "," 4,433 "," 4,459 "," 4,443 "
Metro Vancouver,Independent Municipal PD,Port Moody Mun," 26,160 "," 27,577 "," 28,743 "," 29,856 "," 31,340 "," 32,797 "," 33,611 "," 34,027 "," 33,899 "," 34,359 "," 34,709 "
Powell River,RCMP Municipal,Powell River Mun," 12,902 "," 12,906 "," 13,024 "," 13,057 "," 13,113 "," 13,105 "," 13,240 "," 13,303 "," 13,109 "," 13,094 "," 13,108 "
Powell River,RCMP Provincial,Powell River Prov," 5,469 "," 5,467 "," 5,483 "," 5,422 "," 5,468 "," 5,544 "," 5,513 "," 5,574 "," 5,583 "," 5,581 "," 5,582 "
Fraser Fort George,RCMP Municipal,Prince George Mun," 74,877 "," 73,371 "," 72,915 "," 72,813 "," 72,864 "," 73,119 "," 73,548 "," 73,803 "," 73,849 "," 74,227 "," 73,590 "
Fraser Fort George,RCMP Provincial,Prince George Prov," 13,865 "," 13,664 "," 13,396 "," 13,396 "," 13,430 "," 13,327 "," 13,186 "," 13,142 "," 13,076 "," 13,059 "," 13,123 "
Skeena Queen Charlotte,RCMP Municipal,Prince Rupert Mun," 13,609 "," 13,129 "," 13,078 "," 12,849 "," 12,723 "," 12,704 "," 12,786 "," 12,802 "," 12,608 "," 12,275 "," 11,918 "
Skeena Queen Charlotte,RCMP Provincial,Prince Rupert Prov," 2,626 "," 2,622 "," 2,168 "," 2,128 "," 2,105 "," 2,000 "," 1,953 "," 1,967 "," 1,961 "," 1,966 "," 1,941 "
Okanagan Similkameen,RCMP Provincial,Princeton Prov," 4,859 "," 4,940 "," 4,952 "," 4,894 "," 4,859 "," 4,825 "," 4,937 "," 4,938 "," 4,937 "," 4,926 "," 4,963 "
Strathcona,RCMP Provincial,Quadra Island Prov," 3,529 "," 3,559 "," 3,596 "," 3,558 "," 3,576 "," 3,583 "," 3,536 "," 3,517 "," 3,501 "," 3,481 "," 3,520 "
Nanaimo,RCMP Municipal,Qualicum Beach Mun," 7,051 "," 8,428 "," 8,501 "," 8,613 "," 8,747 "," 8,771 "," 8,723 "," 8,663 "," 8,590 "," 8,541 "," 8,500 "
Skeena Queen Charlotte,RCMP Provincial,Queen Charlotte Prov," 1,974 "," 1,980 "," 2,507 "," 2,473 "," 2,444 "," 2,368 "," 2,324 "," 2,340 "," 2,329 "," 2,314 "," 2,308 "
Cariboo,RCMP Municipal,Quesnel Mun," 9,692 "," 9,556 "," 9,466 "," 9,532 "," 9,688 "," 9,818 "," 9,875 "," 10,185 "," 10,097 "," 9,801 "," 9,806 "
Cariboo,RCMP Provincial,Quesnel Prov," 13,907 "," 13,729 "," 13,547 "," 13,393 "," 13,509 "," 13,467 "," 13,394 "," 13,316 "," 13,323 "," 13,387 "," 13,440 "
Columbia Shuswap,RCMP Municipal,Revelstoke Mun," 7,396 "," 7,317 "," 7,293 "," 7,242 "," 7,209 "," 7,190 "," 7,157 "," 7,287 "," 7,160 "," 7,229 "," 7,280 "
Columbia Shuswap,RCMP Provincial,Revelstoke Prov, 552 , 564 , 579 , 578 , 591 , 586 , 573 , 562 , 567 , 568 , 578 
Metro Vancouver,RCMP Municipal,Richmond Mun," 179,290 "," 181,087 "," 182,638 "," 185,818 "," 188,224 "," 192,535 "," 195,729 "," 196,001 "," 198,044 "," 200,768 "," 205,262 "
Metro Vancouver,RCMP Provincial,Ridge Meadows Prov, 92 , 95 , 97 , 96 , 97 , 95 , 94 , 94 , 93 , 94 , 93 
Capital,Independent Municipal PD,Saanich Mun," 110,352 "," 110,921 "," 111,434 "," 111,603 "," 112,311 "," 112,371 "," 112,435 "," 111,981 "," 111,637 "," 111,233 "," 110,767 "
Central Kootenay,RCMP Provincial,Salmo Prov," 2,511 "," 2,490 "," 2,469 "," 2,502 "," 2,545 "," 2,565 "," 2,600 "," 2,631 "," 2,657 "," 2,643 "," 2,719 "
Columbia Shuswap,RCMP Municipal,Salmon Arm Mun," 15,841 "," 16,023 "," 16,306 "," 16,708 "," 17,165 "," 17,428 "," 17,378 "," 17,772 "," 17,591 "," 17,438 "," 17,749 "
Columbia Shuswap,RCMP Provincial,Salmon Arm Prov," 8,960 "," 9,144 "," 9,387 "," 9,378 "," 9,583 "," 9,505 "," 9,291 "," 9,112 "," 9,194 "," 9,220 "," 9,377 "
Capital,RCMP Provincial,Saltspring Island Prov," 9,758 "," 9,959 "," 10,054 "," 10,004 "," 10,189 "," 10,243 "," 10,271 "," 10,347 "," 10,368 "," 10,375 "," 10,473 "
Strathcona,RCMP Provincial,Sayward Prov, 827 , 821 , 819 , 795 , 797 , 797 , 788 , 787 , 779 , 772 , 775 
Sunshine Coast,RCMP Municipal,Sechelt Mun," 7,955 "," 8,251 "," 8,491 "," 8,676 "," 8,837 "," 8,906 "," 9,134 "," 9,393 "," 9,585 "," 9,569 "," 9,983 "
Cowichan Valley,RCMP Provincial,Shawnigan Lake Prov," 16,322 "," 16,586 "," 16,797 "," 16,970 "," 17,231 "," 17,293 "," 17,544 "," 17,651 "," 17,601 "," 17,695 "," 17,829 "
Columbia Shuswap,RCMP Provincial,Sicamous Prov," 3,972 "," 3,940 "," 4,046 "," 4,019 "," 4,143 "," 4,051 "," 3,935 "," 3,774 "," 3,773 "," 3,756 "," 3,803 "
Capital,RCMP Municipal,Sidney Mun," 11,260 "," 11,547 "," 11,458 "," 11,469 "," 11,392 "," 11,359 "," 11,291 "," 11,197 "," 11,173 "," 11,125 "," 11,153 "
Capital,RCMP Provincial,Sidney Prov," 3,308 "," 3,377 "," 3,409 "," 3,392 "," 3,455 "," 3,473 "," 3,482 "," 3,508 "," 3,515 "," 3,518 "," 3,551 "
Central Kootenay,RCMP Provincial,Slocan Lake Prov," 1,988 "," 1,969 "," 1,947 "," 1,952 "," 1,986 "," 1,976 "," 1,961 "," 1,949 "," 1,957 "," 1,962 "," 1,980 "
Bulkley Nechako,RCMP Municipal,Smithers Mun," 5,413 "," 5,241 "," 5,292 "," 5,224 "," 5,325 "," 5,386 "," 5,487 "," 5,490 "," 5,399 "," 5,246 "," 5,103 "
Bulkley Nechako,RCMP Provincial,Smithers Prov," 7,699 "," 7,636 "," 7,479 "," 7,380 "," 7,459 "," 7,452 "," 7,488 "," 7,568 "," 7,652 "," 7,724 "," 7,891 "
Capital,RCMP Municipal,Sooke Mun," 9,568 "," 9,832 "," 10,084 "," 10,480 "," 10,713 "," 11,006 "," 11,482 "," 11,684 "," 11,913 "," 12,390 "," 12,257 "
Capital,RCMP Provincial,Sooke Prov," 4,320 "," 4,409 "," 4,451 "," 4,429 "," 4,511 "," 4,535 "," 4,547 "," 4,580 "," 4,590 "," 4,593 "," 4,636 "
Okanagan Similkameen,RCMP Provincial,South Okanagan/Oliver," 8,217 "," 8,377 "," 8,384 "," 8,532 "," 8,756 "," 9,008 "," 8,744 "," 8,709 "," 8,638 "," 8,601 "," 8,505 "
Okanagan Similkameen,RCMP Provincial,South Okanagan/Osoyoos," 6,919 "," 7,170 "," 7,313 "," 7,382 "," 7,433 "," 7,500 "," 7,372 "," 7,305 "," 7,286 "," 7,259 "," 7,294 "
North Okanagan,RCMP Municipal,Spallumcheen Mun, .. , - , - , - , - , - , - , - ," 5,106 "," 5,083 "," 5,185 "
Squamish Lillooet,RCMP Municipal,Squamish Mun," 15,291 "," 15,444 "," 15,821 "," 16,084 "," 16,474 "," 16,881 "," 17,360 "," 18,053 "," 18,719 "," 19,131 "," 19,628 "
Squamish Lillooet,RCMP Provincial,Squamish Prov," 1,989 "," 1,990 "," 2,003 "," 1,977 "," 1,960 "," 1,950 "," 1,927 "," 1,948 "," 1,974 "," 1,976 "," 1,959 "
Kitimat Stikine,RCMP Provincial,Stewart Prov, 601 , 550 , 496 , 479 , 507 , 487 , 490 , 495 , 432 , 434 , 425 
Squamish Lillooet,"First Nations 
Aboriginal Police Service",Stl'atl'imx FNAPS," 2,871 "," 2,897 "," 2,991 "," 2,954 "," 2,951 "," 2,946 "," 2,914 "," 2,988 "," 3,122 "," 3,120 "," 3,055 "
Okanagan Similkameen,RCMP Municipal,Summerland Mun," 10,804 "," 10,885 "," 10,896 "," 11,080 "," 11,282 "," 11,472 "," 11,295 "," 11,376 "," 11,242 "," 11,123 "," 11,126 "
Sunshine Coast,RCMP Provincial,Sunshine Coast Prov," 18,664 "," 19,098 "," 19,430 "," 19,522 "," 19,625 "," 19,622 "," 19,456 "," 19,525 "," 19,533 "," 19,529 "," 19,601 "
Metro Vancouver,RCMP Municipal,Surrey Mun," 395,416 "," 404,742 "," 412,922 "," 424,999 "," 438,698 "," 453,356 "," 470,649 "," 482,904 "," 493,637 "," 504,603 "," 513,619 "
Bulkley Nechako,RCMP Provincial,Takla Landing Prov, 191 , 190 , 185 , 183 , 184 , 185 , 185 , 186 , 188 , 191 , 196 
Kitimat Stikine,RCMP Municipal,Terrace Mun," 11,763 "," 11,531 "," 11,461 "," 11,261 "," 11,365 "," 11,412 "," 11,562 "," 11,688 "," 11,445 "," 11,458 "," 11,265 "
Kitimat Stikine,RCMP Provincial,Terrace Prov," 7,684 "," 7,615 "," 7,530 "," 7,398 "," 7,543 "," 7,543 "," 7,458 "," 7,436 "," 7,841 "," 7,946 "," 8,215 "
Powell River,RCMP Provincial,Texada Island Prov," 1,041 "," 1,041 "," 1,043 "," 1,031 "," 1,040 "," 1,055 "," 1,050 "," 1,062 "," 1,064 "," 1,064 "," 1,064 "
Thompson Nicola,RCMP Provincial,T'Kumlups Prov," 9,174 "," 7,779 "," 7,858 "," 7,871 "," 8,035 "," 8,170 "," 8,298 "," 8,299 "," 8,366 "," 8,432 "," 8,588 "
Alberni Clayoquot,RCMP Provincial,Tofino Prov," 2,928 "," 3,040 "," 3,096 "," 3,103 "," 3,162 "," 3,186 "," 3,249 "," 3,327 "," 3,385 "," 3,440 "," 3,491 "
Kootenay Boundary,RCMP Provincial,Trail and Greater District," 7,465 "," 7,471 "," 7,241 "," 7,446 "," 7,530 "," 7,614 "," 7,578 "," 7,801 "," 7,748 "," 7,526 "," 7,527 "
Kootenay Boundary,RCMP Municipal,Trail Mun," 10,886 "," 10,907 "," 10,758 "," 10,880 "," 11,081 "," 11,088 "," 11,005 "," 11,089 "," 11,057 "," 10,925 "," 10,882 "
Fraser Fort George,RCMP Provincial,Tsay Keh Dene Prov, 384 , 377 , 372 , 373 , 370 , 373 , 372 , 372 , 376 , 384 , 391 
Peace River,RCMP Provincial,Tumbler Ridge Prov," 2,308 "," 2,342 "," 2,493 "," 2,528 "," 2,654 "," 2,674 "," 2,694 "," 2,814 "," 2,868 "," 2,897 "," 2,983 "
Alberni Clayoquot,RCMP Provincial,Ucluelet Prov," 2,134 "," 2,106 "," 2,119 "," 2,130 "," 2,167 "," 2,181 "," 2,188 "," 2,240 "," 2,235 "," 2,233 "," 2,230 "
Metro Vancouver,RCMP Provincial,University Prov," 10,881 "," 11,338 "," 11,904 "," 11,943 "," 11,781 "," 11,717 "," 12,753 "," 13,316 "," 14,097 "," 14,781 "," 16,094 "
Fraser Fort George,RCMP Provincial,Valemount Prov," 1,614 "," 1,545 "," 1,610 "," 1,588 "," 1,587 "," 1,603 "," 1,604 "," 1,599 "," 1,626 "," 1,610 "," 1,601 "
Metro Vancouver,Independent Municipal PD,Vancouver Mun," 587,839 "," 593,266 "," 601,006 "," 605,067 "," 604,871 "," 611,642 "," 619,887 "," 620,960 "," 630,816 "," 637,430 "," 642,396 "
Bulkley Nechako,RCMP Provincial,Vanderhoof Prov," 8,471 "," 8,377 "," 8,241 "," 8,245 "," 8,352 "," 8,470 "," 8,468 "," 8,688 "," 8,735 "," 8,794 "," 8,838 "
North Okanagan,RCMP Municipal,Vernon Mun," 35,500 "," 36,185 "," 36,887 "," 37,453 "," 38,162 "," 38,754 "," 38,548 "," 38,914 "," 38,717 "," 38,523 "," 38,861 "
North Okanagan,RCMP Provincial,Vernon Prov," 13,018 "," 13,216 "," 13,524 "," 13,644 "," 11,610 "," 11,753 "," 11,714 "," 11,154 "," 11,287 "," 11,330 "," 11,483 "
Capital,Independent Municipal PD,Victoria Mun," 96,198 "," 97,214 "," 98,177 "," 98,581 "," 98,386 "," 98,886 "," 98,788 "," 98,875 "," 98,847 "," 99,196 "," 99,407 "
Capital,RCMP Municipal,View Royal Mun," 8,458 "," 8,865 "," 9,127 "," 9,111 "," 9,240 "," 9,428 "," 9,520 "," 9,558 "," 10,025 "," 10,524 "," 10,714 "
Cariboo,RCMP Provincial,Wells Prov, 377 , 360 , 358 , 352 , 354 , 342 , 350 , 364 , 355 , 354 , 355 
Central Okanagan,RCMP Municipal,West Kelowna Mun, .. , - , - , - , - ," 26,593 "," 26,355 "," 31,669 "," 31,517 "," 31,931 "," 32,699 "
Capital,RCMP Provincial,West Shore Prov," 8,837 "," 8,947 "," 8,908 "," 8,873 "," 8,913 "," 8,899 "," 9,030 "," 9,017 "," 9,076 "," 9,075 "," 9,179 "
Metro Vancouver,Independent Municipal PD,West Vancouver Mun," 44,367 "," 45,124 "," 45,270 "," 45,202 "," 44,867 "," 45,073 "," 45,748 "," 45,690 "," 45,581 "," 45,282 "," 45,463 "
Squamish Lillooet,RCMP Municipal,Whistler Mun," 10,003 "," 9,538 "," 9,799 "," 9,720 "," 9,631 "," 10,160 "," 10,424 "," 10,333 "," 10,409 "," 10,194 "," 10,447 "
Squamish Lillooet,RCMP Provincial,Whistler Prov, 285 , 288 , 298 , 294 , 294 , 294 , 290 , 299 , 314 , 313 , 306 
Metro Vancouver,RCMP Municipal,White Rock Mun," 18,742 "," 19,049 "," 18,866 "," 18,988 "," 18,889 "," 19,116 "," 19,267 "," 19,327 "," 18,998 "," 19,211 "," 19,197 "
Cariboo,RCMP Municipal,Williams Lake Mun," 11,301 "," 11,137 "," 11,063 "," 11,117 "," 11,168 "," 11,144 "," 11,057 "," 11,164 "," 11,038 "," 10,943 "," 11,003 "
Cariboo,RCMP Provincial,Williams Lake Prov," 13,472 "," 13,299 "," 13,123 "," 12,974 "," 13,086 "," 13,046 "," 12,975 "," 12,899 "," 12,906 "," 12,968 "," 13,019 "
NA,NA,BRITISH COLUMBIA TOTAL," 4,155,017 "," 4,195,764 "," 4,241,691 "," 4,290,988 "," 4,349,412 "," 4,410,679 "," 4,465,924 "," 4,499,139 "," 4,542,508 "," 4,582,625 "," 4,631,302 "
